UserId,Date,DateTimeIn,DateTimeOut,Day,Hours,Is Late,Is Early,Is Off,Comments,null,
30,3-Jan-20,10:12 AM,8:48 PM,Fri,#NAME?,,,,,,
29,3-Jan-20,10:05 AM,10:10 PM,Fri,#NAME?,,,,,,
31,3-Jan-20,11:00 AM,10:30 PM,Fri,#NAME?,Y,,,1 hour late,,
32,3-Jan-20,2:00 PM,10:30 PM,Fri,#NAME?,Y,,,"4 hours late, left 30 minutes before",,
30,4-Jan-20,10:10 AM,7:21 PM,Sat,#NAME?,,,,,,
29,4-Jan-20,10:05 AM,7:35 PM,Sat,#NAME?,,,,,,
31,4-Jan-20,1:20 PM,7:35 PM,Sat,#NAME?,,,,,,
32,4-Jan-20,null,null,Sat,null,,,,,,
30,6-Jan-20,10:19 AM,7:20 PM,Mon,#NAME?,,,,,,
29,6-Jan-20,10:19 AM,7:20 PM,Mon,#NAME?,,,,,,
31,6-Jan-20,12:00 PM,7:45 PM,Mon,#NAME?,Y,Y,,2 hours late. Left 1 hour before,,
32,6-Jan-20,11:30 AM,7:45 PM,Mon,#NAME?,Y,Y,,"1.5 hours late, left 45 minutes before",,
30,7-Jan-20,10:11 AM,7:20 PM,Tue,#NAME?,,,,,,
29,7-Jan-20,10:26 AM,7:20 PM,Tue,#NAME?,,,,,,
31,7-Jan-20,11:25 AM,6:50 PM,Tue,#NAME?,Y,Y,,"1.5 hours late, Left 1.5 hour before",,
32,7-Jan-20,1:55 PM,9:05 PM,Tue,#NAME?,Y,Y,,"4 hours late, left 2 hours before",,
30,8-Jan-20,11:20 AM,10:30 PM,Wed,#NAME?,Y,,,1 hour late,,
29,8-Jan-20,10:05 AM,10:46 PM,Wed,#NAME?,,,,,,
31,8-Jan-20,11:10 AM,11:00 PM,Wed,#NAME?,Y,,,1 hour late,,
32,8-Jan-20,11:20 AM,11:00 PM,Wed,#NAME?,Y,,,1 hour late,,
30,9-Jan-20,10:15 AM,9:05 PM,Thu,#NAME?,,,,,,
29,9-Jan-20,10:40 AM,8:43 PM,Thu,#NAME?,Y,,,1 hour late,,
31,9-Jan-20,11:50 AM,10:00 PM,Thu,#NAME?,Y,,,2 hours late,,
32,9-Jan-20,2:55 PM,10:00 PM,Thu,#NAME?,Y,Y,,"5 hours late, left 2 hours before",,
30,10-Jan-20,10:19 AM,9:13 PM,Fri,#NAME?,,,,,,
29,10-Jan-20,10:13 AM,9:28 PM,Fri,#NAME?,,,,,,
31,10-Jan-20,11:00 AM,9:30 PM,Fri,#NAME?,Y,,,1 hour late,,
32,10-Jan-20,null,null,Fri,null,,,Y,,,
30,11-Jan-20,null,null,Sat,null,,,,,,
29,11-Jan-20,10:05 AM,8:48 PM,Sat,#NAME?,,,,,,
31,11-Jan-20,11:00 AM,7:05 PM,Sat,#NAME?,,,,,,
32,11-Jan-20,3:20 PM,9:15 PM,Sat,#NAME?,,,,,,
30,13-Jan-20,10:00 AM,8:20 PM,Mon,#NAME?,,,,,,
29,13-Jan-20,10:50 AM,8:20 PM,Mon,#NAME?,Y,,,,,
31,13-Jan-20,11:26 AM,8:20 PM,Mon,#NAME?,Y,,,1.5 hours late,,
32,13-Jan-20,null,null,Mon,null,,,Y,,,
30,14-Jan-20,10:15 AM,10:15 PM,Tue,#NAME?,,,,,,
29,14-Jan-20,10:25 AM,10:15 PM,Tue,#NAME?,,,,,,
31,14-Jan-20,10:25 AM,8:15 PM,Tue,#NAME?,,,,,,
32,14-Jan-20,10:30 AM,8:15 PM,Tue,#NAME?,Y,,,,,
30,15-Jan-20,10:35 AM,7:22 PM,Wed,#NAME?,Y,,,,,
29,15-Jan-20,10:05 AM,7:40 PM,Wed,#NAME?,,,,,,
31,15-Jan-20,10:15 AM,7:40 PM,Wed,#NAME?,,,,,,
32,15-Jan-20,1:00 PM,10:15 PM,Wed,#NAME?,Y,,,3 hours late,,
30,16-Jan-20,9:20 AM,7:00 PM,Thu,#NAME?,,,,,9 AM to 6 PM shift,
29,16-Jan-20,9:15 AM,7:00 PM,Thu,#NAME?,,,,,9 AM to 6 PM shift,
31,16-Jan-20,9:15 AM,7:00 PM,Thu,#NAME?,,,,,9 AM to 6 PM shift,
32,16-Jan-20,11:15 AM,8:26 PM,Thu,#NAME?,Y,,,1 hour late,9 AM to 6 PM shift,
30,17-Jan-20,9:18 AM,8:12 PM,Fri,#NAME?,,,,,,
29,17-Jan-20,9:20 AM,8:05 PM,Fri,#NAME?,,,,,NOTE: ,No comments on Saturdays
31,17-Jan-20,9:20 AM,8:35 PM,Fri,#NAME?,,,,,,
32,17-Jan-20,10:55 AM,8:35 PM,Fri,#NAME?,Y,,,2 hours late,,
30,20-Jan-20,9:10 AM,7:20 PM,Mon,#NAME?,,,,,,
29,20-Jan-20,9:44 AM,7:20 PM,Mon,#NAME?,Y,,,,,
31,20-Jan-20,11:20 AM,5:00 PM,Mon,#NAME?,Y,Y,,TIMOUT MISSING null LAST DAY,,
32,20-Jan-20,12:00 PM,7:20 PM,Mon,#NAME?,Y,Y,,,,
30,21-Jan-20,9:20 AM,6:30 PM,Tue,#NAME?,,,,,,
29,21-Jan-20,9:45 AM,6:30 PM,Tue,#NAME?,Y,,,,,
32,21-Jan-20,11:10 AM,6:30 PM,Tue,#NAME?,Y,Y,,2 hours late null 2 hours early,,
30,22-Jan-20,9:26 AM,7:50 PM,Wed,#NAME?,,,,,,
29,22-Jan-20,9:42 AM,7:50 PM,Wed,#NAME?,Y,,,,,
32,22-Jan-20,9:50 AM,7:50 PM,Wed,#NAME?,Y,,,,,
30,23-Jan-20,9:20 AM,7:30 PM,Thu,#NAME?,,,,,,
29,23-Jan-20,null,null,Thu,null,,,Y,OFF,,
32,23-Jan-20,null,null,Thu,null,,,Y,OFF,,
30,24-Jan-20,9:15 AM,8:30 PM,Fri,#NAME?,,,,,,
29,24-Jan-20,9:20 AM,8:30 PM,Fri,#NAME?,,,,,,
32,24-Jan-20,9:50 AM,8:30 PM,Fri,#NAME?,Y,,,,,
30,27-Jan-20,9:30 AM,9:30 PM,Mon,#NAME?,Y,,,,,
29,27-Jan-20,9:15 AM,9:30 PM,Mon,#NAME?,,,,,,
32,27-Jan-20,9:55 AM,9:30 PM,Mon,#NAME?,Y,,,,,
30,28-Jan-20,9:10 AM,8:50 PM,Tue,#NAME?,,,,,,
29,28-Jan-20,9:34 AM,8:10 PM,Tue,#NAME?,Y,,,,,
32,28-Jan-20,2:20 PM,8:50 PM,Tue,#NAME?,Y,Y,,,,
30,29-Jan-20,9:18 AM,7:10 PM,Wed,#NAME?,,,,,10 to 7,
29,29-Jan-20,10:50 AM,7:10 PM,Wed,#NAME?,Y,Y,,,10 to 7,
32,29-Jan-20,10:40 AM,7:10 PM,Wed,#NAME?,Y,,,,10 to 7,
33,29-Jan-20,10:10 AM,,Wed,#NAME?,,,,,,
34,29-Jan-20,10:10 AM,,Wed,#NAME?,,,,,,
30,30-Jan-20,10:05 AM,8:20 PM,Thu,#NAME?,,,,,,
29,30-Jan-20,10:15 AM,8:20 PM,Thu,#NAME?,,,,,,
33,30-Jan-20,null,null,Thu,#NAME?,null,null,null,null,null,null
34,30-Jan-20,null,null,Thu,#NAME?,null,null,null,null,null,null
32,30-Jan-20,11:40 AM,8:35 PM,Thu,#NAME?,Y,null,null,null,null,null
30,31-Jan-20,10:12 AM,7:40 PM,Fri,#NAME?,null,null,null,null,null,null
29,31-Jan-20,10:00 AM,8:05 PM,Fri,#NAME?,null,null,null,null,null,null
32,31-Jan-20,11:00 AM,8:05 PM,Fri,#NAME?,Y,null,null,null,null,null
33,31-Jan-20,null,null,Fri,#NAME?,null,null,null,null,null,null
34,31-Jan-20,null,null,Fri,#NAME?,null,null,null,null,null,null
30,3-Feb-20,10:00 AM,8:20 PM,Mon,#NAME?,null,null,null,null,null,null
29,3-Feb-20,10:15 AM,9:22 PM,Mon,#NAME?,null,null,null,null,null,null
34,3-Feb-20,10:00 AM,7:00 PM,Mon,#NAME?,null,null,null,timeout missing,null,null
33,3-Feb-20,10:00 AM,7:00 PM,Mon,#NAME?,null,null,null,timeout missing,null,null
32,3-Feb-20,11:40 AM,8:40 PM,Mon,#NAME?,Y,null,null,null,null,null
30,4-Feb-20,10:00 AM,7:05 PM,Tue,#NAME?,null,null,null,null,null,null
29,4-Feb-20,10:20 AM,7:05 PM,Tue,#NAME?,null,null,null,null,null,null
34,4-Feb-20,10:05 AM,6:40 PM,Tue,#NAME?,null,null,null,null,null,null
33,4-Feb-20,10:05 AM,4:15 PM,Tue,#NAME?,null,null,null,null,null,null
32,4-Feb-20,null,null,Tue,#NAME?,null,null,Y,null,null,null
30,5-Feb-20,10:00 AM,9:36 PM,Wed,#NAME?,null,null,null,null,null,null
29,5-Feb-20,11:40 AM,9:36 PM,Wed,#NAME?,null,null,null,null,null,null
32,5-Feb-20,1:30 PM,9:36 PM,Wed,#NAME?,null,null,null,timeout missing,null,null
34,5-Feb-20,null,null,Wed,#NAME?,null,null,null,null,null,null
33,5-Feb-20,null,null,Wed,#NAME?,null,null,null,null,null,null
29,6-Feb-20,10:00 AM,7:25 PM,Thu,#NAME?,null,null,null,null,null,null
34,6-Feb-20,10:20 AM,6:50 PM,Thu,#NAME?,null,null,null,null,null,null
33,6-Feb-20,10:20 AM,4:25 PM,Thu,#NAME?,null,null,null,null,null,null
32,6-Feb-20,null,null,Thu,#NAME?,null,null,Y,null,null,null
30,6-Feb-20,null,null,Thu,#NAME?,null,null,Y,null,null,null
29,7-Feb-20,10:00 AM,7:46 PM,Fri,#NAME?,null,null,null,null,null,null
33,7-Feb-20,10:10 AM,6:00 PM,Fri,#NAME?,null,null,null,null,null,null
34,7-Feb-20,null,null,Fri,#NAME?,null,null,Y,null,null,null
32,7-Feb-20,11:10 AM,9:15 PM,Fri,#NAME?,Y,null,null,null,null,null
30,7-Feb-20,null,null,Fri,#NAME?,null,null,Y,null,null,null
29,10-Feb-20,10:00 AM,7:00 PM,Mon,#NAME?,null,null,null,null,null,null
33,10-Feb-20,10:15 AM,7:00 PM,Mon,#NAME?,null,null,null,null,null,null
34,10-Feb-20,10:15 AM,7:00 PM,Mon,#NAME?,null,null,null,null,null,null
32,10-Feb-20,10:35 AM,7:20 PM,Mon,#NAME?,Y,null,null,null,null,null
30,10-Feb-20,null,null,Mon,#NAME?,null,null,Y,null,null,null
29,11-Feb-20,10:00 AM,9:50 PM,Tue,#NAME?,null,null,null,null,null,null
34,11-Feb-20,10:15 AM,7:00 PM,Tue,#NAME?,null,null,null,timout missing,null,null
33,11-Feb-20,10:15 AM,4:35 PM,Tue,#NAME?,null,null,null,null,null,null
32,11-Feb-20,2:35 PM,11:00 PM,Tue,#NAME?,Y,Y,null,null,null,null
30,11-Feb-20,null,null,Tue,#NAME?,null,null,Y,null,null,null
29,12-Feb-20,10:10 AM,7:15 PM,Wed,#NAME?,null,null,null,null,null,null
32,12-Feb-20,1:10 PM,7:15 PM,Wed,#NAME?,Y,Y,null,Shift changed to 9to6,null,null
34,12-Feb-20,10:15 AM,6:40 PM,Wed,#NAME?,null,Y,null,null,null,null
33,12-Feb-20,10:15 AM,6:40 PM,Wed,#NAME?,null,null,null,null,null,null
30,12-Feb-20,null,null,Wed,#NAME?,null,null,Y,null,null,null
32,13-Feb-20,9:45 AM,7:05 PM,Thu,#NAME?,Y,null,null,null,null,null
29,13-Feb-20,10:10 AM,7:15 PM,Thu,#NAME?,null,null,null,null,null,null
34,13-Feb-20,10:15 AM,4:10 PM,Thu,#NAME?,null,Y,null,null,null,null
33,13-Feb-20,10:15 AM,4:25 PM,Thu,#NAME?,null,null,null,null,null,null
30,13-Feb-20,null,null,Thu,#NAME?,null,null,Y,null,null,null
33,14-Feb-20,9:50 AM,6:21 PM,Fri,#NAME?,null,null,null,null,null,null
32,14-Feb-20,9:58 AM,7:30 PM,Fri,#NAME?,Y,null,null,null,null,null
29,14-Feb-20,10:10 AM,8:05 PM,Fri,#NAME?,null,null,null,null,null,null
34,14-Feb-20,null,null,Fri,#NAME?,null,null,Y,null,null,null
30,14-Feb-20,null,null,Fri,#NAME?,null,null,Y,null,null,null
29,17-Feb-20,10:15 AM,8:20 PM,Mon,#NAME?,null,null,null,null,null,null
32,17-Feb-20,10:05 AM,6:05 PM,Mon,#NAME?,Y,Y,null,null,null,null
33,17-Feb-20,9:55 AM,7:00 PM,Mon,#NAME?,null,null,null,null,null,null
34,17-Feb-20,9:55 AM,7:00 PM,Mon,#NAME?,null,null,null,null,null,null
30,17-Feb-20,null,null,Mon,#NAME?,null,null,Y,null,null,null
34,18-Feb-20,10:05 AM,7:00 PM,Tue,#NAME?,null,null,null,null,null,null
33,18-Feb-20,10:05 AM,4:20 PM,Tue,#NAME?,null,null,null,null,null,null
29,18-Feb-20,10:15 AM,7:25 PM,Tue,#NAME?,null,null,null,null,null,null
32,18-Feb-20,null,null,Tue,#NAME?,null,null,Y,null,null,null
30,18-Feb-20,null,null,Tue,#NAME?,null,null,Y,null,null,null
32,19-Feb-20,9:55 AM,7:37 PM,Wed,#NAME?,Y,null,null,null,null,null
33,19-Feb-20,10:05 AM,6:45 PM,Wed,#NAME?,null,null,null,null,null,null
34,19-Feb-20,10:05 AM,6:45 PM,Wed,#NAME?,null,null,null,null,null,null
29,19-Feb-20,10:15 AM,9:05 PM,Wed,#NAME?,null,null,null,null,null,null
30,19-Feb-20,null,null,Wed,#NAME?,null,null,Y,null,null,null
30,20-Feb-20,10:10 AM,7:45 PM,Thu,#NAME?,null,null,null,null,null,null
33,20-Feb-20,10:20 AM,4:45 PM,Thu,#NAME?,null,null,null,null,null,null
34,20-Feb-20,10:20 AM,3:20 PM,Thu,#NAME?,null,Y,null,null,null,null
32,20-Feb-20,11:30 AM,7:45 PM,Thu,#NAME?,Y,Y,null,null,null,null
29,20-Feb-20,null,null,Thu,#NAME?,null,null,Y,null,null,null
30,21-Feb-20,10:05 AM,7:40 PM,Fri,#NAME?,null,null,null,null,null,null
29,21-Feb-20,10:15 AM,7:40 PM,Fri,#NAME?,null,null,null,null,null,null
32,21-Feb-20,10:20 AM,7:40 PM,Fri,#NAME?,Y,null,null,null,null,null
34,21-Feb-20,null,null,Fri,#NAME?,null,null,null,attendance missing,null,null
33,21-Feb-20,null,null,Fri,#NAME?,null,null,null,attendance missing,null,null
30,24-Feb-20,10:00 AM,7:50 PM,Mon,#NAME?,null,null,null,null,null,null
32,24-Feb-20,10:00 AM,7:25 PM,Mon,#NAME?,Y,null,null,null,null,null
29,24-Feb-20,10:00 AM,8:13 PM,Mon,#NAME?,null,null,null,null,null,null
34,24-Feb-20,10:00 AM,4:30 PM,Mon,#NAME?,null,Y,null,null,null,null
33,24-Feb-20,10:00 AM,6:40 PM,Mon,#NAME?,null,null,null,null,null,null
30,25-Feb-20,10:00 AM,8:20 PM,Tue,#NAME?,null,null,null,null,null,null
29,25-Feb-20,10:15 AM,8:30 PM,Tue,#NAME?,null,null,null,null,null,null
34,25-Feb-20,10:05 AM,7:15 PM,Tue,#NAME?,null,null,null,null,null,null
33,25-Feb-20,10:05 AM,4:30 PM,Tue,#NAME?,null,null,null,null,null,null
32,25-Feb-20,null,null,Tue,#NAME?,null,null,Y,null,null,null
30,26-Feb-20,10:10 AM,7:55 PM,Wed,#NAME?,null,null,null,null,null,null
29,26-Feb-20,10:10 AM,8:00 PM,Wed,#NAME?,null,null,null,null,null,null
34,26-Feb-20,9:50 AM,7:20 PM,Wed,#NAME?,null,null,null,null,null,null
32,26-Feb-20,10:23 AM,7:30 PM,Wed,#NAME?,Y,null,null,null,null,null
33,26-Feb-20,null,null,Wed,#NAME?,null,null,Y,null,null,null
29,27-Feb-20,10:03 AM,7:07 PM,Thu,#NAME?,null,null,null,null,null,null
33,27-Feb-20,9:50 AM,7:23 PM,Thu,#NAME?,null,null,null,null,null,null
34,27-Feb-20,9:50 AM,4:30 PM,Thu,#NAME?,null,null,null,null,null,null
30,27-Feb-20,10:07 AM,7:23 PM,Thu,#NAME?,null,null,null,null,null,null
32,27-Feb-20,2:33 PM,7:23 PM,Thu,#NAME?,Y,Y,null,null,null,null
30,28-Feb-20,10:05 AM,8:15 PM,Fri,#NAME?,null,null,null,null,null,null
33,28-Feb-20,10:10 AM,6:30 PM,Fri,#NAME?,null,Y,null,null,null,null
34,28-Feb-20,10:10 AM,6:30 PM,Fri,#NAME?,null,Y,null,null,null,null
29,28-Feb-20,10:15 AM,7:00 PM,Fri,#NAME?,null,null,null,timout missing,null,null
32,28-Feb-20,11:29 AM,8:40 PM,Fri,#NAME?,Y,null,null,null,null,null
30,29-Feb-20,9:45 AM,4:00 PM,Sat,#NAME?,null,null,null,null,null,null
29,29-Feb-20,10:40 AM,4:00 PM,Sat,#NAME?,null,null,null,timout missing,null,null
32,29-Feb-20,3:05 PM,10:45 PM,Sat,#NAME?,null,null,null,null,null,null
null,29-Feb-20,null,null,Sat,null,null,null,null,null,null,null
null,29-Feb-20,null,null,Sat,null,null,null,null,null,null,null
32,2-Mar-20,null,null,Mon,#NAME?,null,null,Y,1,null,null
null,null,null,null,null,#NAME?,null,null,null,null,null,null
null,null,null,null,null,#NAME?,null,null,null,null,null,null
null,null,null,null,null,#NAME?,null,null,null,null,null,null
null,null,null,null,null,#NAME?,null,null,null,null,null,null
32,3-Mar-20,null,null,Tue,#NAME?,null,null,Y,null,null,null
null,null,null,null,null,#NAME?,null,null,null,null,null,null
null,null,null,null,null,#NAME?,null,null,null,null,null,null
null,null,null,null,null,#NAME?,null,null,null,null,null,null
null,null,null,null,null,#NAME?,null,null,null,null,null,null
32,4-Mar-20,12:45 PM,8:30 PM,Wed,#NAME?,Y,Y,null,null,null,null
null,null,null,null,null,#NAME?,null,null,null,null,null,null
null,null,null,null,null,#NAME?,null,null,null,null,null,null
null,null,null,null,null,#NAME?,null,null,null,null,null,null
null,null,null,null,null,#NAME?,null,null,null,null,null,null
32,5-Mar-20,3:00 PM,9:31 PM,Thu,#NAME?,Y,Y,null,null,null,null
null,null,null,null,null,#NAME?,null,null,null,null,null,null
null,null,null,null,null,#NAME?,null,null,null,null,null,null
null,null,null,null,null,#NAME?,null,null,null,null,null,null
null,null,null,null,null,#NAME?,null,null,null,null,null,null
32,6-Mar-20,null,null,Fri,#NAME?,null,null,Y,null,null,null
null,null,null,null,null,#NAME?,null,null,null,null,null,null
null,null,null,null,null,#NAME?,null,null,null,null,null,null
null,null,null,null,null,#NAME?,null,null,null,null,null,null
null,null,null,null,null,#NAME?,null,null,null,null,null,null
32,9-Mar-20,1:10 PM,9:23 PM,Mon,#NAME?,Y,Y,null,null,null,null
null,null,null,null,null,#NAME?,null,null,null,null,null,null
null,null,null,null,null,#NAME?,null,null,null,null,null,null
null,null,null,null,null,#NAME?,null,null,null,null,null,null
null,null,null,null,null,#NAME?,null,null,null,null,null,null
32,10-Mar-20,null,null,Tue,#NAME?,null,null,Y,null,null,null
null,null,null,null,null,#NAME?,null,null,null,null,null,null
null,null,null,null,null,#NAME?,null,null,null,null,null,null
null,null,null,null,null,#NAME?,null,null,null,null,null,null
null,null,null,null,null,#NAME?,null,null,null,null,null,null
32,11-Mar-20,12:20 PM,7:32 PM,Wed,#NAME?,Y,Y,null,null,null,null
null,null,null,null,null,#NAME?,null,null,null,null,null,null
null,null,null,null,null,#NAME?,null,null,null,null,null,null
null,null,null,null,null,#NAME?,null,null,null,null,null,null
null,null,null,null,null,#NAME?,null,null,null,null,null,null
32,12-Mar-20,12:00 PM,8:40 PM,Thu,#NAME?,Y,null,null,null,null,null
null,null,null,null,null,#NAME?,null,null,null,null,null,null
null,null,null,null,null,#NAME?,null,null,null,null,null,null
null,null,null,null,null,#NAME?,null,null,null,null,null,null
null,null,null,null,null,#NAME?,null,null,null,null,null,null
32,13-Mar-20,10:50 AM,10:10 PM,Fri,#NAME?,Y,null,null,null,null,null
null,null,null,null,null,#NAME?,null,null,null,null,null,null
null,null,null,null,null,#NAME?,null,null,null,null,null,null
null,null,null,null,null,#NAME?,null,null,null,null,null,null
null,null,null,null,null,#NAME?,null,null,null,null,null,null
32,14-Mar-20,2:25 PM,6:15 PM,Sat,#NAME?,null,null,null,null,null,null
null,null,null,null,null,#NAME?,null,null,null,null,null,null
null,null,null,null,null,#NAME?,null,null,null,null,null,null
null,null,null,null,null,#NAME?,null,null,null,null,null,null
null,null,null,null,null,#NAME?,null,null,null,null,null,null
32,16-Mar-20,null,null,Mon,#NAME?,null,null,Y,null,null,null
null,null,null,null,null,#NAME?,null,null,null,null,null,null
null,null,null,null,null,#NAME?,null,null,null,null,null,null
null,null,null,null,null,#NAME?,null,null,null,null,null,null
null,null,null,null,null,#NAME?,null,null,null,null,null,null
32,17-Mar-20,10:29 AM,null,Tue,#NAME?,null,null,null,Timeout missing,null,null
null,null,null,null,null,#NAME?,null,null,null,null,null,null
null,null,null,null,null,#NAME?,null,null,null,null,null,null
null,null,null,null,null,#NAME?,null,null,null,null,null,null
null,null,null,null,null,#NAME?,null,null,null,null,null,null
32,18-Mar-20,null,null,Wed,#NAME?,null,null,Y,null,null,null
null,null,null,null,null,#NAME?,null,null,null,null,null,null
null,null,null,null,null,#NAME?,null,null,null,null,null,null
null,null,null,null,null,#NAME?,null,null,null,null,null,null
null,null,null,null,null,#NAME?,null,null,null,null,null,null
32,19-Mar-20,null,null,Thu,#NAME?,null,null,Y,null,null,null
null,null,null,null,null,#NAME?,null,null,null,null,null,null
null,null,null,null,null,#NAME?,null,null,null,null,null,null
null,null,null,null,null,#NAME?,null,null,null,null,null,null
null,null,null,null,null,#NAME?,null,null,null,null,null,null
32,20-Mar-20,1:25 PM,8:30 PM,Fri,#NAME?,Y,null,null,null,null,null
null,null,null,null,null,#NAME?,null,null,null,null,null,null
null,null,null,null,null,#NAME?,null,null,null,null,null,null
null,null,null,null,null,#NAME?,null,null,null,null,null,null
null,null,null,null,null,#NAME?,null,null,null,null,null,null
Arquam,24-Mar-20,10:31 AM,8:10 PM,Tue,#NAME?,Y,null,null,null,null,null
35,24-Mar-20,10:30 AM,7:40 PM,Tue,#NAME?,null,null,null,null,null,null
30,24-Mar-20,11:11 AM,6:43 PM,Tue,#NAME?,Y,Y,null,null,null,null
33,24-Mar-20,11:47 AM,8:11 PM,Tue,#NAME?,Y,Y,null,null,null,null
null,null,null,null,null,null,null,null,null,null,null,null
Arquam,25-Mar-20,10:04 AM,7:23 PM,Wed,#NAME?,null,null,null,null,null,null
35,25-Mar-20,10:20 AM,7:34 PM,Wed,#NAME?,null,null,null,null,null,null
30,25-Mar-20,10:19 AM,7:33 PM,Wed,#NAME?,null,null,null,null,null,null
33,25-Mar-20,10:30 AM,7:40 PM,Wed,#NAME?,null,null,null,null,null,null
null,null,null,null,null,null,null,null,null,null,null,null
Arquam,26-Mar-20,10:22 AM,7:04 PM,Thu,#NAME?,null,null,null,null,null,null
35,26-Mar-20,10:23 AM,7:10 PM,Thu,#NAME?,null,null,null,null,null,null
33,26-Mar-20,10:30 AM,7:00 PM,Thu,#NAME?,null,null,null,null,null,null
30,26-Mar-20,10:31 AM,6:52 PM,Thu,#NAME?,null,Y,null,null,null,null
null,null,null,null,null,null,null,null,null,null,null,null
Arquam,27-Mar-20,10:06 AM,7:32 PM,Fri,#NAME?,null,null,null,null,null,null
33,27-Mar-20,10:15 AM,7:08 PM,Fri,#NAME?,null,null,null,null,null,null
35,27-Mar-20,10:44 AM,7:13 PM,Fri,#NAME?,Y,Y,null,null,null,null
30,27-Mar-20,null,null,Fri,#NAME?,null,null,Y,ill,null,null
null,null,null,null,null,null,null,null,null,null,null,null
Arquam,30-Mar-20,10:02 AM,7:15 PM,Mon,#NAME?,null,null,null,null,null,null
35,30-Mar-20,10:15 AM,7:18 PM,Mon,#NAME?,null,null,null,null,null,null
33,30-Mar-20,10:19 AM,7:15 PM,Mon,#NAME?,null,null,null,null,null,null
30,30-Mar-20,null,null,Mon,#NAME?,null,null,Y,10:24 appeared but no internet,null,null
null,null,null,null,null,null,null,null,null,null,null,null
33,31-Mar-20,10:04 AM,7:10 PM,Tue,#NAME?,null,null,null,null,null,null
Arquam,31-Mar-20,10:07 AM,7:25 PM,Tue,#NAME?,null,null,null,null,null,null
35,31-Mar-20,10:13 AM,7:07 PM,Tue,#NAME?,null,null,null,null,null,null
30,31-Mar-20,null,null,Tue,#NAME?,null,null,Y,Internet issue,null,null
null,null,null,null,null,null,null,null,null,null,null,null
Arquam,1-Apr-20,10:07 AM,7:38 PM,Wed,#NAME?,null,null,null,null,null,null
35,1-Apr-20,10:17 AM,7:22 PM,Wed,#NAME?,null,null,null,null,null,null
33,1-Apr-20,10:51 AM,7:25 PM,Wed,#NAME?,Y,null,null,null,null,null
30,1-Apr-20,null,null,Wed,#NAME?,null,null,Y,10:18 appeared but internet/laptop issue,null,null
null,null,null,null,null,null,null,null,null,null,null,null
33,2-Apr-20,10:32 AM,7:32 PM,Thu,#NAME?,Y,null,null,null,null,null
35,2-Apr-20,10:34 AM,7:32 PM,Thu,#NAME?,Y,null,null,null,null,null
Arquam,2-Apr-20,null,null,Thu,#NAME?,null,null,Y,null,null,null
30,2-Apr-20,null,null,Thu,#NAME?,null,null,Y,null,null,null
null,null,null,null,null,null,null,null,null,null,null,null
Arquam,3-Apr-20,10:06 AM,7:08 PM,Fri,#NAME?,null,null,null,null,null,null
35,3-Apr-20,10:13 AM,7:03 PM,Fri,#NAME?,null,null,null,null,null,null
33,3-Apr-20,10:36 AM,7:05 PM,Fri,#NAME?,Y,Y,null,null,null,null
30,3-Apr-20,null,null,Fri,#NAME?,null,null,Y,null,null,null
null,null,null,null,null,null,null,null,null,null,null,null
35,6-Apr-20,10:26 AM,7:15 PM,Mon,#NAME?,null,null,null,null,null,null
Arquam,6-Apr-20,10:27 AM,7:11 PM,Mon,#NAME?,null,null,null,null,null,null
33,6-Apr-20,11:14 AM,7:35 PM,Mon,#NAME?,Y,Y,null,null,null,null
30,6-Apr-20,null,null,Mon,#NAME?,null,null,Y,null,null,null
null,null,null,null,null,null,null,null,null,null,null,null
Arquam,7-Apr-20,10:05 AM,null,Tue,#NAME?,null,Y,null,Timeout missing,null,null
33,7-Apr-20,10:06 AM,7:22 PM,Tue,#NAME?,null,null,null,null,null,null
35,7-Apr-20,11:16 AM,7:22 PM,Tue,#NAME?,Y,Y,null,null,null,null
30,7-Apr-20,null,null,Tue,#NAME?,null,null,Y,null,null,null
null,null,null,null,null,null,null,null,null,null,null,null
Arquam,8-Apr-20,10:01 AM,7:11 PM,Wed,#NAME?,null,null,null,null,null,null
33,8-Apr-20,10:01 AM,7:18 PM,Wed,#NAME?,null,null,null,null,null,null
36n,8-Apr-20,10:01 AM,9:59 PM,Wed,#NAME?,null,null,null,null,null,null
35,8-Apr-20,10:02 AM,7:15 PM,Wed,#NAME?,null,null,null,null,null,null
30,8-Apr-20,10:03 AM,7:15 PM,Wed,#NAME?,null,null,null,null,null,null
36n,9-Apr-20,10:01 AM,10:10 PM,Thu,#NAME?,null,null,null,null,null,null
35,9-Apr-20,10:02 AM,7:10 PM,Thu,#NAME?,null,null,null,null,null,null
Arquam,9-Apr-20,10:04 AM,7:11 PM,Thu,#NAME?,null,null,null,null,null,null
33,9-Apr-20,10:05 AM,7:30 PM,Thu,#NAME?,null,null,null,null,null,null
30,9-Apr-20,10:15 AM,6:52 PM,Thu,#NAME?,null,null,null,null,null,null
Arquam,10-Apr-20,10:06 AM,7:28 PM,Fri,#NAME?,null,null,null,null,null,null
Samia,10-Apr-20,10:10 AM,null,Fri,#NAME?,null,Y,null,Timeout missing,null,null
36n,10-Apr-20,10:13 AM,7:24 PM,Fri,#NAME?,null,null,null,null,null,null
30,10-Apr-20,10:18 AM,null,Fri,#NAME?,null,Y,null,"work time issue, timeout missing",null,null
33,10-Apr-20,10:22 AM,8:10 PM,Fri,#NAME?,null,null,null,null,null,null
35,10-Apr-20,10:22 AM,7:34 PM,Fri,#NAME?,null,null,null,null,null,null
36n,13-Apr-20,10:08 AM,8:00 PM,Mon,#NAME?,null,null,null,null,null,null
Arquam,13-Apr-20,10:12 AM,null,Mon,#NAME?,null,null,Y,Laptop issue,null,null
30,13-Apr-20,10:18 AM,7:40 PM,Mon,#NAME?,null,null,null,null,null,null
35,13-Apr-20,10:26 AM,7:30 PM,Mon,#NAME?,null,null,null,null,null,null
Samia,13-Apr-20,10:55 AM,7:55 PM,Mon,#NAME?,Y,null,null,null,null,null
33,13-Apr-20,12:15 PM,8:01 PM,Mon,#NAME?,Y,Y,null,null,null,null
Samia,14-Apr-20,9:52 AM,null,Tue,#NAME?,null,Y,null,Timeout missing,null,null
36n,14-Apr-20,10:06 AM,8:15 PM,Tue,#NAME?,null,null,null,null,null,null
30,14-Apr-20,10:15 AM,7:45 PM,Tue,#NAME?,null,null,null,null,null,null
33,14-Apr-20,10:21 AM,5:48 PM,Tue,#NAME?,null,Y,null,due to family emergency,null,null
35,14-Apr-20,10:27 AM,7:45 PM,Tue,#NAME?,null,null,null,null,null,null
Arquam,14-Apr-20,null,null,Tue,#NAME?,null,null,Y,Laptop Issue,null,null
Arquam,15-Apr-20,10:05 AM,7:17 PM,Wed,#NAME?,null,null,null,null,null,null
Samia,15-Apr-20,10:05 AM,null,Wed,#NAME?,null,Y,null,Timeout missing,null,null
36n,15-Apr-20,10:06 AM,null,Wed,#NAME?,null,Y,null,Timeout missing,null,null
30,15-Apr-20,10:08 AM,7:02 PM,Wed,#NAME?,null,null,null,null,null,null
35,15-Apr-20,10:24 AM,7:02 PM,Wed,#NAME?,null,null,null,null,null,null
33,15-Apr-20,10:25 AM,7:02 PM,Wed,#NAME?,null,null,null,null,null,null
null,null,null,null,null,null,null,null,null,null,null,null
Arquam,16-Apr-20,10:01 AM,7:37 PM,Thu,#NAME?,null,null,null,null,null,null
33,16-Apr-20,10:11 AM,8:03 PM,Thu,#NAME?,null,null,null,null,null,null
35,16-Apr-20,10:14 AM,7:12 PM,Thu,#NAME?,null,null,null,null,null,null
30,16-Apr-20,10:14 AM,7:58 PM,Thu,#NAME?,null,null,null,null,null,null
36n,16-Apr-20,10:22 AM,8:20 PM,Thu,#NAME?,null,null,null,null,null,null
Samia,16-Apr-20,11:24 AM,null,Thu,#NAME?,Y,Y,null,Timeout missing,null,null
Arquam,17-Apr-20,10:02 AM,7:50 PM,Fri,#NAME?,null,null,null,null,null,null
36n,17-Apr-20,10:04 AM,7:13 PM,Fri,#NAME?,null,null,null,null,null,null
35,17-Apr-20,10:11 AM,7:00 PM,Fri,#NAME?,null,null,null,null,null,null
33,17-Apr-20,10:25 AM,7:12 PM,Fri,#NAME?,null,null,null,null,null,null
Samia,17-Apr-20,11:05 AM,null,Fri,#NAME?,Y,Y,null,Timeout missing,null,null
30,17-Apr-20,2:07 PM,9:37 PM,Fri,#NAME?,Y,Y,null,null,null,null
Arquam,18-Apr-20,10:34 AM,null,Sat,#NAME?,Y,Y,null,Timeout missing,null,null
30,18-Apr-20,10:39 AM,6:29 PM,Sat,#NAME?,Y,Y,null,null,null,null
Samia,20-Apr-20,10:06 AM,null,Mon,#NAME?,null,Y,null,Timeout missing,null,null
36n,20-Apr-20,10:11 AM,7:14 PM,Mon,#NAME?,null,null,null,null,null,null
Arquam,20-Apr-20,10:12 AM,7:48 PM,Mon,#NAME?,null,null,null,null,null,null
30,20-Apr-20,10:16 AM,null,Mon,#NAME?,null,Y,null,Timeout missing,null,null
33,20-Apr-20,10:26 AM,8:04 PM,Mon,#NAME?,null,null,null,null,null,null
35,20-Apr-20,11:05 AM,7:26 PM,Mon,#NAME?,Y,Y,null,null,null,null
null,null,null,null,null,null,null,null,null,null,null,null
Arquam,21-Apr-20,10:04 AM,7:14 PM,Tue,#NAME?,null,null,null,null,null,null
Samia,21-Apr-20,10:05 AM,null,Tue,#NAME?,null,Y,null,Timeout missing,null,null
35,21-Apr-20,10:06 AM,7:20 PM,Tue,#NAME?,null,null,null,null,null,null
36n,21-Apr-20,10:15 AM,7:28 PM,Tue,#NAME?,null,null,null,null,null,null
30,21-Apr-20,10:16 AM,null,Tue,#NAME?,null,Y,null,Timeout missing,null,null
33,21-Apr-20,10:29 AM,9:00 PM,Tue,#NAME?,null,null,null,null,null,null
Samia,22-Apr-20,9:47 AM,null,Wed,#NAME?,null,Y,null,Timeout missing,null,null
33,22-Apr-20,10:00 AM,8:20 PM,Wed,#NAME?,null,null,null,null,null,null
36n,22-Apr-20,10:00 AM,8:21 PM,Wed,#NAME?,null,null,null,null,null,null
Arquam,22-Apr-20,10:06 AM,7:06 PM,Wed,#NAME?,null,null,null,null,null,null
35,22-Apr-20,10:11 AM,7:05 PM,Wed,#NAME?,null,null,null,null,null,null
30,22-Apr-20,10:24 AM,7:14 PM,Wed,#NAME?,null,null,null,null,null,null
35,23-Apr-20,10:03 AM,7:05 PM,Thu,#NAME?,null,null,null,null,null,null
Arquam,23-Apr-20,10:05 AM,7:18 PM,Thu,#NAME?,null,null,null,null,null,null
36n,23-Apr-20,10:05 AM,8:08 PM,Thu,#NAME?,null,null,null,null,null,null
30,23-Apr-20,10:18 AM,8:23 PM,Thu,#NAME?,null,null,null,null,null,null
Samia,23-Apr-20,10:43 AM,null,Thu,#NAME?,Y,Y,null,Timeout missing,null,null
33,23-Apr-20,11:01 AM,8:05 PM,Thu,#NAME?,Y,null,null,null,null,null
null,null,null,null,null,null,null,null,null,null,null,null
33,24-Apr-20,10:01 AM,11:15 PM,Fri,#NAME?,null,null,null,null,null,null
Arquam,24-Apr-20,10:14 AM,7:34 PM,Fri,#NAME?,null,null,null,null,null,null
30,24-Apr-20,10:29 AM,8:29 PM,Fri,#NAME?,null,null,null,null,null,null
35,24-Apr-20,10:32 AM,11:13 PM,Fri,#NAME?,Y,null,null,null,null,null
Samia,24-Apr-20,11:53 AM,null,Fri,#NAME?,Y,Y,null,Timeout missing,null,null
36n,24-Apr-20,null,null,Fri,#NAME?,null,null,Y,null,null,null
36n,27-Apr-20,10:10 AM,8:30 PM,Mon,#NAME?,null,null,null,10 to 5 Ramadan null 7 hours,null,null
Arquam,27-Apr-20,10:58 AM,6:12 PM,Mon,#NAME?,null,null,null,11 to 6 Ramadan null 7 hours,null,null
30,27-Apr-20,10:59 AM,7:57 PM,Mon,#NAME?,null,null,null,11 to 6 Ramadan null 7 hours,null,null
35,27-Apr-20,11:07 AM,6:07 PM,Mon,#NAME?,null,null,null,11 to 6 Ramadan null 7 hours,null,null
33,27-Apr-20,11:21 AM,6:15 PM,Mon,#NAME?,null,null,null,11 to 6 Ramadan null 7 hours,null,null
null,27-Apr-20,null,null,Mon,#NAME?,null,null,null,null,null,null
36n,28-Apr-20,10:18 AM,6:29 PM,Tue,#NAME?,null,null,null,null,null,null
30,28-Apr-20,10:57 AM,6:22 PM,Tue,#NAME?,null,null,null,null,null,null
Arquam,28-Apr-20,11:02 AM,6:22 PM,Tue,#NAME?,null,null,null,null,null,null
35,28-Apr-20,11:15 AM,6:00 PM,Tue,#NAME?,null,null,null,null,null,null
33,28-Apr-20,11:24 AM,6:40 PM,Tue,#NAME?,null,null,null,null,null,null
null,28-Apr-20,null,null,Tue,#NAME?,null,null,null,null,null,null
36n,29-Apr-20,10:13 AM,6:21 PM,Wed,#NAME?,null,null,null,null,null,null
33,29-Apr-20,10:51 AM,6:16 PM,Wed,#NAME?,null,null,null,null,null,null
Arquam,29-Apr-20,10:56 AM,6:18 PM,Wed,#NAME?,null,null,null,null,null,null
35,29-Apr-20,11:02 AM,6:16 PM,Wed,#NAME?,null,null,null,null,null,null
30,29-Apr-20,11:05 AM,6:15 PM,Wed,#NAME?,null,null,null,null,null,null
null,29-Apr-20,null,null,Wed,#NAME?,null,null,null,null,null,null
36n,30-Apr-20,10:10 AM,6:47 PM,Thu,#NAME?,null,null,null,null,null,null
Arquam,30-Apr-20,10:19 AM,6:33 PM,Thu,#NAME?,null,null,null,null,null,null
35,30-Apr-20,10:33 AM,6:39 PM,Thu,#NAME?,null,null,null,null,null,null
30,30-Apr-20,10:59 AM,6:39 PM,Thu,#NAME?,null,null,null,null,null,null
33,30-Apr-20,11:38 AM,7:09 PM,Thu,#NAME?,Y,null,null,null,null,null
null,30-Apr-20,null,null,Thu,#NAME?,null,null,null,null,null,null
36n,1-Jun-20,10:03 AM,null,Monday,#NAME?,null,Y,null,Timout missing,null,null
30,1-Jun-20,10:07 AM,7:19 PM,Monday,#NAME?,null,null,null,null,null,null
35,1-Jun-20,10:12 AM,7:12 PM,Monday,#NAME?,null,null,null,null,null,null
29,1-Jun-20,10:14 AM,7:16 PM,Monday,#NAME?,null,null,null,null,null,null
33,2-Jun-20,9:57 AM,7:10 PM,Tuesday,#NAME?,null,null,null,null,null,null
36n,2-Jun-20,10:00 AM,7:28 PM,Tuesday,#NAME?,null,null,null,null,null,null
29,2-Jun-20,10:04 AM,null,Tuesday,#NAME?,null,Y,null,Timout missing,null,null
35,2-Jun-20,10:14 AM,7:48 PM,Tuesday,#NAME?,null,null,null,null,null,null
30,2-Jun-20,10:21 AM,7:24 PM,Tuesday,#NAME?,null,null,null,null,null,null
33,3-Jun-20,10:01 AM,7:10 PM,Wednesday,#NAME?,null,null,null,null,null,null
29,3-Jun-20,10:03 AM,7:54 PM,Wednesday,#NAME?,null,null,null,null,null,null
36n,3-Jun-20,10:05 AM,7:34 PM,Wednesday,#NAME?,null,null,null,null,null,null
35,3-Jun-20,10:06 AM,7:12 PM,Wednesday,#NAME?,null,null,null,null,null,null
30,3-Jun-20,10:18 AM,7:24 PM,Wednesday,#NAME?,null,null,null,null,null,null
33,4-Jun-20,9:55 AM,7:16 PM,Thursday,#NAME?,null,null,null,null,null,null
36n,4-Jun-20,9:59 AM,7:22 PM,Thursday,#NAME?,null,null,null,null,null,null
30,4-Jun-20,10:21 AM,7:23 PM,Thursday,#NAME?,null,null,null,null,null,null
35,4-Jun-20,10:28 AM,7:33 PM,Thursday,#NAME?,null,null,null,null,null,null
29,4-Jun-20,10:37 AM,7:24 PM,Thursday,#NAME?,Y,null,null,null,null,null
36n,5-Jun-20,10:05 AM,8:19 PM,Friday,#NAME?,null,null,null,null,null,null
29,5-Jun-20,10:09 AM,7:45 PM,Friday,#NAME?,null,null,null,null,null,null
33,5-Jun-20,10:14 AM,7:40 PM,Friday,#NAME?,null,null,null,null,null,null
35,5-Jun-20,10:17 AM,7:35 PM,Friday,#NAME?,null,null,null,null,null,null
30,5-Jun-20,10:17 AM,7:30 PM,Friday,#NAME?,null,null,null,null,null,null
36n,6-Jun-20,10:02 AM,7:27 PM,Saturday,#NAME?,null,null,null,null,null,null
33,6-Jun-20,11:03 AM,6:00 PM,Saturday,#NAME?,null,null,null,null,null,null
35,6-Jun-20,11:06 AM,5:44 PM,Saturday,#NAME?,null,null,null,null,null,null
29,8-Jun-20,10:08 AM,7:32 PM,Monday,#NAME?,null,null,null,null,null,null
36n,8-Jun-20,10:08 AM,7:35 PM,Monday,#NAME?,null,null,null,null,null,null
33,8-Jun-20,10:11 AM,8:10 PM,Monday,#NAME?,null,null,null,null,null,null
35,8-Jun-20,10:22 AM,8:07 PM,Monday,#NAME?,null,null,null,null,null,null
30,8-Jun-20,10:24 AM,7:10 PM,Monday,#NAME?,null,null,null,null,null,null
29,9-Jun-20,10:08 AM,7:32 PM,Tuesday,#NAME?,null,null,null,null,null,null
36n,9-Jun-20,10:08 AM,7:35 PM,Tuesday,#NAME?,null,null,null,null,null,null
33,9-Jun-20,10:11 AM,8:10 PM,Tuesday,#NAME?,null,null,null,null,null,null
35,9-Jun-20,10:22 AM,8:07 PM,Tuesday,#NAME?,null,null,null,null,null,null
30,9-Jun-20,10:24 AM,null,Tuesday,#NAME?,null,Y,null,null,null,null
36n,10-Jun-20,10:01 AM,7:46 PM,Wednesday,#NAME?,null,null,null,null,null,null
35,10-Jun-20,10:18 AM,7:44 PM,Wednesday,#NAME?,null,null,null,null,null,null
33,10-Jun-20,10:18 AM,7:40 PM,Wednesday,#NAME?,null,null,null,null,null,null
30,10-Jun-20,null,null,Wednesday,null,null,null,Y,null,null,null
29,10-Jun-20,null,null,Wednesday,null,null,null,Y,null,null,null
36n,11-Jun-20,10:11 AM,8:10 PM,Thursday,#NAME?,null,null,null,null,null,null
35,11-Jun-20,10:23 AM,7:28 PM,Thursday,#NAME?,null,null,null,null,null,null
33,11-Jun-20,11:24 AM,8:30 PM,Thursday,#NAME?,Y,null,null,null,null,null
29,11-Jun-20,9:57 AM,null,Thursday,#NAME?,null,Y,null,Timout missing,null,null
30,11-Jun-20,null,null,Thursday,null,null,null,Y,null,null,null
33,12-Jun-20,9:51 AM,7:50 PM,Friday,#NAME?,null,null,null,null,null,null
36n,12-Jun-20,10:02 AM,7:50 PM,Friday,#NAME?,null,null,null,null,null,null
35,12-Jun-20,10:05 AM,7:40 PM,Friday,#NAME?,null,null,null,null,null,null
29,12-Jun-20,null,null,Friday,null,null,null,Y,null,null,null
30,12-Jun-20,null,null,Friday,null,null,null,Y,null,null,null
33,13-Jun-20,10:23 AM,6:20 PM,Saturday,#NAME?,null,null,null,null,null,null
36n,15-Jun-20,10:12 AM,8:33 PM,Monday,#NAME?,null,null,null,null,null,null
33,15-Jun-20,10:33 AM,8:05 PM,Monday,#NAME?,Y,null,null,null,null,null
35,15-Jun-20,10:55 AM,4:12 PM,Monday,#NAME?,Y,Y,null,null,null,null
29,15-Jun-20,null,null,Monday,null,null,null,Y,null,null,null
30,15-Jun-20,null,null,Monday,null,null,null,Y,null,null,null
36n,16-Jun-20,10:11 AM,8:37 PM,Tuesday,#NAME?,null,null,null,null,null,null
29,16-Jun-20,10:18 AM,7:39 PM,Tuesday,#NAME?,null,null,null,null,null,null
33,16-Jun-20,10:19 AM,9:00 PM,Tuesday,#NAME?,null,null,null,null,null,null
35,16-Jun-20,10:56 AM,9:21 PM,Tuesday,#NAME?,Y,null,null,null,null,null
30,16-Jun-20,null,null,Tuesday,null,null,null,Y,null,null,null
29,17-Jun-20,10:30 AM,7:43 PM,Wednesday,#NAME?,null,null,null,null,null,null
33,17-Jun-20,9:51 AM,9:36 PM,Wednesday,#NAME?,null,null,null,null,null,null
36n,17-Jun-20,10:16 AM,8:30 PM,Wednesday,#NAME?,null,null,null,null,null,null
35,17-Jun-20,10:32 AM,9:21 PM,Wednesday,#NAME?,Y,null,null,null,null,null
30,17-Jun-20,null,null,Wednesday,null,null,null,Y,null,null,null
36n,18-Jun-20,10:01 AM,8:26 PM,Thursday,#NAME?,null,null,null,null,null,null
33,18-Jun-20,10:09 AM,8:45 PM,Thursday,#NAME?,null,null,null,null,null,null
29,18-Jun-20,10:10 AM,8:02 PM,Thursday,#NAME?,null,null,null,null,null,null
35,18-Jun-20,10:21 AM,8:45 PM,Thursday,#NAME?,null,null,null,null,null,null
30,18-Jun-20,null,null,Thursday,null,null,null,Y,null,null,null
33,19-Jun-20,9:57 AM,6:00 PM,Friday,#NAME?,null,Y,null,null,null,null
36n,19-Jun-20,10:01 AM,8:34 PM,Friday,#NAME?,null,null,null,null,null,null
29,19-Jun-20,10:06 AM,9:53 PM,Friday,#NAME?,null,null,null,null,null,null
35,19-Jun-20,10:11 AM,8:44 PM,Friday,#NAME?,null,null,null,null,null,null
30,19-Jun-20,null,null,Friday,null,null,null,Y,null,null,null
35,20-Jun-20,11:04 AM,8:32 PM,Saturday,#NAME?,null,null,null,null,null,null
33,20-Jun-20,12:12 PM,8:35 PM,Saturday,#NAME?,null,null,null,null,null,null
33,22-Jun-20,9:57 AM,8:20 PM,Monday,#NAME?,null,null,null,null,null,null
29,22-Jun-20,10:01 AM,null,Monday,#NAME?,null,Y,null,Timout missing,null,null
36n,22-Jun-20,10:10 AM,8:22 PM,Monday,#NAME?,null,null,null,null,null,null
35,22-Jun-20,11:12 AM,8:16 PM,Monday,#NAME?,Y,null,null,null,null,null
30,22-Jun-20,null,null,Monday,null,null,null,Y,null,null,null
29,23-Jun-20,10:06 AM,9:24 PM,Tuesday,#NAME?,null,null,null,null,null,null
36n,23-Jun-20,10:06 AM,8:58 PM,Tuesday,#NAME?,null,null,null,null,null,null
35,23-Jun-20,10:21 AM,8:04 PM,Tuesday,#NAME?,null,null,null,null,null,null
33,23-Jun-20,11:30 AM,8:05 PM,Tuesday,#NAME?,Y,null,null,null,null,null
30,23-Jun-20,null,null,Tuesday,null,null,null,Y,null,null,null
33,24-Jun-20,9:51 AM,8:05 PM,Wednesday,#NAME?,null,null,null,null,null,null
36n,24-Jun-20,10:10 AM,7:26 PM,Wednesday,#NAME?,null,null,null,null,null,null
29,24-Jun-20,10:10 AM,9:34 PM,Wednesday,#NAME?,null,null,null,null,null,null
35,24-Jun-20,10:19 AM,7:58 PM,Wednesday,#NAME?,null,null,null,null,null,null
30,24-Jun-20,null,null,Wednesday,null,null,null,Y,null,null,null
33,25-Jun-20,9:50 AM,9:15 PM,Thursday,#NAME?,null,null,null,null,null,null
36n,25-Jun-20,10:04 AM,8:04 PM,Thursday,#NAME?,null,null,null,null,null,null
29,25-Jun-20,10:17 AM,8:57 PM,Thursday,#NAME?,null,null,null,null,null,null
35,25-Jun-20,10:33 AM,9:14 PM,Thursday,#NAME?,Y,null,null,null,null,null
30,25-Jun-20,null,null,Thursday,null,null,null,Y,null,null,null
33,26-Jun-20,9:50 AM,8:15 PM,Friday,#NAME?,null,null,null,null,null,null
29,26-Jun-20,9:55 AM,9:22 PM,Friday,#NAME?,null,null,null,null,null,null
36n,26-Jun-20,9:59 AM,7:15 PM,Friday,#NAME?,null,null,null,null,null,null
35,26-Jun-20,10:39 AM,8:05 PM,Friday,#NAME?,Y,null,null,null,null,null
30,26-Jun-20,null,null,Friday,null,null,null,Y,null,null,null
35,27-Jun-20,8:45 AM,2:28 PM,Saturday,#NAME?,null,null,null,null,null,null
36n,27-Jun-20,10:03 AM,3:39 PM,Saturday,#NAME?,null,null,null,null,null,null
33,27-Jun-20,10:12 AM,7:33 PM,Saturday,#NAME?,null,null,null,null,null,null
29,29-Jun-20,10:13 AM,9:55 PM,Monday,#NAME?,null,null,null,null,null,null
33,29-Jun-20,9:51 AM,8:05 PM,Monday,#NAME?,null,null,null,null,null,null
36n,29-Jun-20,10:05 AM,8:50 PM,Monday,#NAME?,null,null,null,null,null,null
35,29-Jun-20,10:35 AM,8:05 PM,Monday,#NAME?,Y,null,null,null,null,null
30,29-Jun-20,null,null,Monday,null,null,null,Y,null,null,null
33,30-Jun-20,9:51 AM,9:30 PM,Tuesday,#NAME?,null,null,null,null,null,null
36n,30-Jun-20,9:59 AM,8:55 PM,Tuesday,#NAME?,null,null,null,null,null,null
29,30-Jun-20,10:10 AM,8:52 PM,Tuesday,#NAME?,null,null,null,null,null,null
30,30-Jun-20,10:14 AM,null,Tuesday,#NAME?,null,Y,null,Timout missing,null,null
35,30-Jun-20,10:45 AM,9:22 PM,Tuesday,#NAME?,Y,null,null,null,null,null
33,1-Jul-20,9:50 AM,8:25 PM,Wednesday,#NAME?,null,null,null,null,null,null
36n,1-Jul-20,10:01 AM,8:10 PM,Wednesday,#NAME?,null,null,null,null,null,null
35,1-Jul-20,10:22 AM,8:24 PM,Wednesday,#NAME?,null,null,null,null,null,null
29,1-Jul-20,10:31 AM,8:36 PM,Wednesday,#NAME?,Y,null,null,null,null,null
30,1-Jul-20,null,null,Wednesday,#NAME?,null,null,Y,null,null,null
33,2-Jul-20,9:40 AM,8:21 PM,Thursday,#NAME?,null,null,null,null,null,null
35,2-Jul-20,9:57 AM,8:20 PM,Thursday,#NAME?,null,null,null,null,null,null
36n,2-Jul-20,10:03 AM,8:11 PM,Thursday,#NAME?,null,null,null,null,null,null
30,2-Jul-20,10:03 AM,7:18 PM,Thursday,#NAME?,null,null,null,null,null,null
29,2-Jul-20,10:23 AM,7:13 PM,Thursday,#NAME?,null,null,null,null,null,null
29,3-Jul-20,null,null,Friday,#NAME?,null,null,Y,null,null,null
33,3-Jul-20,null,null,Friday,#NAME?,null,null,Y,null,null,null
30,3-Jul-20,null,null,Friday,#NAME?,null,null,Y,null,null,null
35,3-Jul-20,null,null,Friday,#NAME?,null,null,Y,null,null,null
36n,3-Jul-20,null,null,Friday,#NAME?,null,null,Y,null,null,null
35,4-Jul-20,11:04 AM,6:59 PM,Saturday,#NAME?,null,null,null,null,null,null
33,6-Jul-20,9:54 AM,8:31 PM,Monday,#NAME?,null,null,null,null,null,null
35,6-Jul-20,9:57 AM,8:07 PM,Monday,#NAME?,null,null,null,null,null,null
29,6-Jul-20,10:00 AM,8:15 PM,Monday,#NAME?,null,null,null,null,null,null
36n,6-Jul-20,10:04 AM,8:27 PM,Monday,#NAME?,null,null,null,null,null,null
30,6-Jul-20,null,null,Monday,#NAME?,null,null,Y,null,null,null
36n,7-Jul-20,9:59 AM,7:45 PM,Tuesday,#NAME?,null,null,null,null,null,null
35,7-Jul-20,10:01 AM,6:58 PM,Tuesday,#NAME?,null,null,null,null,null,null
29,7-Jul-20,10:06 AM,8:07 PM,Tuesday,#NAME?,null,null,null,null,null,null
33,7-Jul-20,null,null,Tuesday,#NAME?,null,null,Y,null,null,null
30,7-Jul-20,null,null,Tuesday,#NAME?,null,null,Y,null,null,null
33,8-Jul-20,9:51 AM,8:20 PM,Wednesday,#NAME?,null,null,null,null,null,null
35,8-Jul-20,10:00 AM,8:25 PM,Wednesday,#NAME?,null,null,null,null,null,null
36n,8-Jul-20,10:03 AM,8:20 PM,Wednesday,#NAME?,null,null,null,null,null,null
29,8-Jul-20,10:33 AM,8:25 PM,Wednesday,#NAME?,Y,null,null,null,null,null
30,8-Jul-20,null,null,Wednesday,#NAME?,null,null,Y,null,null,null
33,9-Jul-20,9:51 AM,8:00 PM,Thursday,#NAME?,null,null,null,null,null,null
35,9-Jul-20,9:53 AM,7:56 PM,Thursday,#NAME?,null,null,null,null,null,null
36n,9-Jul-20,10:02 AM,7:56 PM,Thursday,#NAME?,null,null,null,null,null,null
29,9-Jul-20,10:09 AM,9:55 PM,Thursday,#NAME?,null,null,null,null,null,null
30,9-Jul-20,10:10 AM,8:03 PM,Thursday,#NAME?,null,null,null,null,null,null
29,10-Jul-20,10:03 AM,8:06 PM,Friday,#NAME?,null,null,null,null,null,null
36n,10-Jul-20,10:04 AM,8:05 PM,Friday,#NAME?,null,null,null,null,null,null
35,10-Jul-20,10:04 AM,8:25 PM,Friday,#NAME?,null,null,null,null,null,null
30,10-Jul-20,10:19 AM,7:57 PM,Friday,#NAME?,null,null,null,null,null,null
33,10-Jul-20,10:50 AM,8:25 PM,Friday,#NAME?,Y,null,null,null,null,null
Samia,10-Jul-20,10:51 AM,null,Friday,#NAME?,Y,Y,null,null,null,null
33,13-Jul-20,9:51 AM,8:24 PM,Monday,#NAME?,null,null,null,null,null,null
35,13-Jul-20,9:59 AM,8:21 PM,Monday,#NAME?,null,null,null,null,null,null
36n,13-Jul-20,10:00 AM,3:32 PM,Monday,#NAME?,null,null,null,null,null,null
29,13-Jul-20,10:08 AM,null,Monday,#NAME?,null,Y,null,null,null,null
30,13-Jul-20,10:18 AM,null,Monday,#NAME?,null,Y,null,Timeout missing,null,null
35,14-Jul-20,9:52 AM,8:16 PM,Tuesday,#NAME?,null,null,null,null,null,null
33,14-Jul-20,9:53 AM,8:37 PM,Tuesday,#NAME?,null,null,null,null,null,null
29,14-Jul-20,10:15 AM,8:45 PM,Tuesday,#NAME?,null,null,null,null,null,null
30,14-Jul-20,null,null,Tuesday,#NAME?,null,null,Y,null,null,null
36n,14-Jul-20,null,null,Tuesday,#NAME?,null,null,Y,null,null,null
35,15-Jul-20,9:48 AM,3:13 PM,Wednesday,#NAME?,null,null,null,null,null,null
33,15-Jul-20,9:50 AM,7:05 PM,Wednesday,#NAME?,null,null,null,null,null,null
36n,15-Jul-20,10:03 AM,8:12 PM,Wednesday,#NAME?,null,null,null,null,null,null
29,15-Jul-20,10:19 AM,8:41 PM,Wednesday,#NAME?,null,null,null,null,null,null
30,15-Jul-20,null,null,Wednesday,#NAME?,null,null,Y,null,null,null
33,16-Jul-20,9:50 AM,7:28 PM,Thursday,#NAME?,null,null,null,null,null,null
36n,16-Jul-20,10:18 AM,7:45 PM,Thursday,#NAME?,null,null,null,null,null,null
35,16-Jul-20,10:21 AM,7:27 PM,Thursday,#NAME?,null,null,null,null,null,null
29,16-Jul-20,11:09 AM,9:14 PM,Thursday,#NAME?,Y,null,null,null,null,null
30,16-Jul-20,null,null,Thursday,#NAME?,null,null,Y,null,null,null
33,17-Jul-20,9:51 AM,7:16 PM,Friday,#NAME?,null,null,null,null,null,null
35,17-Jul-20,9:54 AM,6:15 PM,Friday,#NAME?,null,null,null,null,null,null
29,17-Jul-20,10:11 AM,8:08 PM,Friday,#NAME?,null,null,null,null,null,null
36n,17-Jul-20,10:17 AM,6:40 PM,Friday,#NAME?,null,null,null,null,null,null
30,17-Jul-20,null,null,Friday,#NAME?,null,null,Y,null,null,null
36n,18-Jul-20,10:12 AM,4:17 PM,Saturday,#NAME?,null,null,null,null,null,null
33,18-Jul-20,10:56 AM,3:47 PM,Saturday,#NAME?,null,null,null,null,null,null
35,18-Jul-20,11:40 AM,7:01 PM,Saturday,#NAME?,null,null,null,null,null,null
29,18-Jul-20,null,null,Saturday,#NAME?,null,null,null,null,null,null
30,18-Jul-20,null,null,Saturday,#NAME?,null,null,null,null,null,null
33,20-Jul-20,9:51 AM,7:10 PM,Monday,#NAME?,null,null,null,null,null,null
35,20-Jul-20,10:03 AM,7:10 PM,Monday,#NAME?,null,null,null,null,null,null
36n,20-Jul-20,10:03 AM,7:00 PM,Monday,#NAME?,null,null,null,null,null,null
29,20-Jul-20,10:16 AM,8:02 PM,Monday,#NAME?,null,null,null,null,null,null
30,20-Jul-20,null,null,Monday,#NAME?,null,null,Y,null,null,null
36n,21-Jul-20,9:57 AM,7:53 PM,Tuesday,#NAME?,null,null,null,null,null,null
35,21-Jul-20,9:57 AM,8:03 PM,Tuesday,#NAME?,null,null,null,null,null,null
33,21-Jul-20,10:12 AM,8:03 PM,Tuesday,#NAME?,null,null,null,null,null,null
29,21-Jul-20,10:12 AM,8:13 PM,Tuesday,#NAME?,null,null,null,null,null,null
30,21-Jul-20,null,null,Tuesday,#NAME?,null,null,Y,null,null,null
33,22-Jul-20,9:50 AM,7:10 PM,Wednesday,#NAME?,null,null,null,null,null,null
35,22-Jul-20,9:53 AM,6:29 PM,Wednesday,#NAME?,null,null,null,null,null,null
36n,22-Jul-20,9:57 AM,7:42 PM,Wednesday,#NAME?,null,null,null,null,null,null
29,22-Jul-20,10:21 AM,7:21 PM,Wednesday,#NAME?,null,null,null,null,null,null
30,22-Jul-20,null,null,Wednesday,#NAME?,null,null,Y,null,null,null
33,23-Jul-20,9:51 AM,7:53 PM,Thursday,#NAME?,null,null,null,null,null,null
35,23-Jul-20,9:55 AM,4:57 PM,Thursday,#NAME?,null,null,null,null,null,null
36n,23-Jul-20,10:02 AM,7:34 PM,Thursday,#NAME?,null,null,null,null,null,null
29,23-Jul-20,10:02 AM,6:43 PM,Thursday,#NAME?,null,null,null,null,null,null
30,23-Jul-20,null,null,Thursday,#NAME?,null,null,Y,null,null,null
35,24-Jul-20,9:59 AM,7:15 PM,Friday,#NAME?,null,null,null,null,null,null
29,24-Jul-20,10:07 AM,8:09 PM,Friday,#NAME?,null,null,null,null,null,null
36n,24-Jul-20,10:11 AM,8:09 PM,Friday,#NAME?,null,null,null,null,null,null
33,24-Jul-20,2:26 PM,7:20 PM,Friday,#NAME?,Y,Y,null,null,null,null
30,24-Jul-20,null,null,Friday,#NAME?,null,null,Y,null,null,null
33,25-Jul-20,10:36 AM,4:39 PM,Saturday,#NAME?,null,null,null,null,null,null
35,25-Jul-20,11:21 AM,4:39 PM,Saturday,#NAME?,null,null,null,null,null,null
36n,25-Jul-20,null,null,Saturday,#NAME?,null,null,null,null,null,null
29,25-Jul-20,null,null,Saturday,#NAME?,null,null,null,null,null,null
30,25-Jul-20,null,null,Saturday,#NAME?,null,null,null,null,null,null
33,27-Jul-20,9:50 AM,7:32 PM,Monday,#NAME?,null,null,null,null,null,null
36n,27-Jul-20,9:53 AM,8:04 PM,Monday,#NAME?,null,null,null,null,null,null
35,27-Jul-20,9:53 AM,7:20 PM,Monday,#NAME?,null,null,null,null,null,null
29,27-Jul-20,10:15 AM,7:58 PM,Monday,#NAME?,null,null,null,null,null,null
30,27-Jul-20,null,null,Monday,#NAME?,null,null,Y,null,null,null
33,28-Jul-20,9:52 AM,7:15 PM,Tuesday,#NAME?,null,null,null,null,null,null
36n,28-Jul-20,10:00 AM,7:12 PM,Tuesday,#NAME?,null,null,null,null,null,null
35,28-Jul-20,10:06 AM,7:31 PM,Tuesday,#NAME?,null,null,null,null,null,null
29,28-Jul-20,10:18 AM,9:03 PM,Tuesday,#NAME?,null,null,null,null,null,null
30,28-Jul-20,null,null,Tuesday,#NAME?,null,null,Y,null,null,null
33,29-Jul-20,9:51 AM,7:08 PM,Wednesday,#NAME?,null,null,null,null,null,null
35,29-Jul-20,9:59 AM,6:56 PM,Wednesday,#NAME?,null,null,null,null,null,null
36n,29-Jul-20,10:03 AM,8:14 PM,Wednesday,#NAME?,null,null,null,null,null,null
29,29-Jul-20,11:49 AM,9:37 PM,Wednesday,#NAME?,Y,null,null,null,null,null
30,29-Jul-20,null,null,Wednesday,#NAME?,null,null,Y,null,null,null
33,30-Jul-20,9:51 AM,7:55 PM,Thursday,#NAME?,null,null,null,null,null,null
35,30-Jul-20,9:55 AM,7:54 PM,Thursday,#NAME?,null,null,null,null,null,null
36n,30-Jul-20,9:57 AM,9:02 PM,Thursday,#NAME?,null,null,null,null,null,null
29,30-Jul-20,10:03 AM,7:49 PM,Thursday,#NAME?,null,null,null,null,null,null
30,30-Jul-20,null,null,Thursday,#NAME?,null,null,Y,null,null,null
33,31-Jul-20,9:51 AM,7:05 PM,Friday,#NAME?,null,null,null,null,null,null
35,31-Jul-20,10:05 AM,7:05 PM,Friday,#NAME?,null,null,null,null,null,null
36n,31-Jul-20,10:09 AM,7:08 PM,Friday,#NAME?,null,null,null,null,null,null
29,31-Jul-20,10:30 AM,7:07 PM,Friday,#NAME?,null,null,null,null,null,null
30,31-Jul-20,null,null,Friday,#NAME?,null,null,null,null,null,null
